Scenario_ID,Region,Scenario_Type,Gas_2020,Gas_2030,Total_2030,Pct_Drop,Gas_Share_2030
AIM/CGE 2.1 - CD-LINKS_NPi2020_400,Asia,High-BECCS,2.697,2.7765,52.4567,-2.9477196885428216,5.292936841242396
AIM/CGE 2.1 - CD-LINKS_NPi2020_400,Latin America,High-BECCS,1.5241,1.8888,9.0179,-23.928876058001443,20.9450093702525
AIM/CGE 2.1 - CD-LINKS_NPi2020_400,Middle East and Africa,High-BECCS,3.0621,2.7994,8.5678,8.57907971653441,32.67349844767618
AIM/CGE 2.1 - CD-LINKS_NPi2020_400,OECD Countries,High-BECCS,11.4634,13.8312,50.3938,-20.655302964216556,27.44623346522787
AIM/CGE 2.1 - CD-LINKS_NPi2020_400,Russia and Central Asia,High-BECCS,3.0533,2.8302,12.3963,7.306848328038519,22.831006025991623
AIM/CGE 2.1 - CD-LINKS_NPi2020_400,World,High-BECCS,21.7999,24.126,132.8325,-10.670232432258864,18.162723731014623
AIM/CGE 2.2 - EN_NPi2020_300f,Asia,High-BECCS,3.925,4.0564,72.6942,-3.3477707006369477,5.580087544811003
AIM/CGE 2.2 - EN_NPi2020_300f,Latin America,High-BECCS,1.7422,1.3603,10.5717,21.92056021122718,12.867372324224108
AIM/CGE 2.2 - EN_NPi2020_300f,Middle East and Africa,High-BECCS,4.4591,3.8748,11.7241,13.103541073310764,33.049871631937634
AIM/CGE 2.2 - EN_NPi2020_300f,OECD Countries,High-BECCS,10.1175,8.769,48.9492,13.328391401037802,17.914490941629282
AIM/CGE 2.2 - EN_NPi2020_300f,Russia and Central Asia,High-BECCS,1.99299999999999,1.8658,8.2155,6.38233818364228,22.710729718215564
AIM/CGE 2.2 - EN_NPi2020_300f,World,High-BECCS,22.2368,19.9261,152.0958,10.391333285364787,13.101019226040432
AIM/CGE 2.2 - EN_NPi2020_600,Asia,High-BECCS,3.925,4.0564,72.6942,-3.3477707006369477,5.580087544811003
AIM/CGE 2.2 - EN_NPi2020_600,Latin America,High-BECCS,1.7422,1.3603,10.5717,21.92056021122718,12.867372324224108
AIM/CGE 2.2 - EN_NPi2020_600,Middle East and Africa,High-BECCS,4.4591,3.8748,11.7241,13.103541073310764,33.049871631937634
AIM/CGE 2.2 - EN_NPi2020_600,OECD Countries,High-BECCS,10.1175,8.769,48.9492,13.328391401037802,17.914490941629282
AIM/CGE 2.2 - EN_NPi2020_600,Russia and Central Asia,High-BECCS,1.99299999999999,1.8658,8.2155,6.38233818364228,22.710729718215564
AIM/CGE 2.2 - EN_NPi2020_600,World,High-BECCS,22.2368,19.9261,152.0958,10.391333285364787,13.101019226040432
AIM/Hub-Global 2.0 - 1.5C,Asia,High-BECCS,0.7244,0.609,37.9034,15.93042517945887,1.6067160201987158
AIM/Hub-Global 2.0 - 1.5C,World,High-BECCS,21.0528,15.1071,121.1831,28.24184906520748,12.466342253994164
COFFEE 1.1 - EN_NPi2020_400,Asia,High-BECCS,2.96246085493392,0.0,47.9326357425556,100.0,0.0
COFFEE 1.1 - EN_NPi2020_400,Latin America,High-BECCS,1.57658350296326,0.0,10.2525581874663,100.0,0.0
COFFEE 1.1 - EN_NPi2020_400,Middle East and Africa,High-BECCS,3.8511453847608,0.0,14.1579579885563,100.0,0.0
COFFEE 1.1 - EN_NPi2020_400,OECD Countries,High-BECCS,8.92777813134019,0.0,56.9554656141451,100.0,0.0
COFFEE 1.1 - EN_NPi2020_400,Russia and Central Asia,High-BECCS,2.49206951658528,0.0,11.4950439418406,100.0,0.0
COFFEE 1.1 - EN_NPi2020_400,World,High-BECCS,19.8100373905834,0.0,140.793661474564,100.0,0.0
GCAM 4.2 - SSP1-19,World,Low-BECCS,25.538012663,27.609308335,124.98704814962,-8.110637657412308,22.08973549159217
GCAM 5.3 - R_MAC_30_n0,Asia,High-BECCS,4.47710041999999,0.3261732183,97.6726023158747,92.71463251431825,0.333945457135616
GCAM 5.3 - R_MAC_30_n0,Latin America,High-BECCS,1.7229063,0.08385324133,13.049571597149,95.13303530609878,0.6425746677256423
GCAM 5.3 - R_MAC_30_n0,Middle East and Africa,High-BECCS,4.3775471114,0.185925648225,20.8824944423942,95.75274363716582,0.890342141538161
GCAM 5.3 - R_MAC_30_n0,OECD Countries,High-BECCS,9.031030132,0.410219724179999,61.6572656992036,95.45766409607636,0.6653226015264211
GCAM 5.3 - R_MAC_30_n0,Russia and Central Asia,High-BECCS,1.8929941,0.011639366,16.116419913888,99.38513458652618,0.07222054316151201
GCAM 5.3 - R_MAC_30_n0,World,High-BECCS,21.5015780634,1.017811198035,209.37835396851,95.26634187019266,0.4861109941613526
GCAM 5.3 - R_MAC_35_n8,Asia,High-BECCS,4.47710041999999,1.447169943,85.1831777168017,67.67617861472934,1.6988917081858963
GCAM 5.3 - R_MAC_35_n8,Latin America,High-BECCS,1.7229063,0.45863154658,11.7317784234757,73.38035466119081,3.9093096547260235
GCAM 5.3 - R_MAC_35_n8,Middle East and Africa,High-BECCS,4.3775471114,0.937605722169999,17.55379626568,78.58148185936624,5.34132735722325
GCAM 5.3 - R_MAC_35_n8,OECD Countries,High-BECCS,9.031030132,2.4988626267,55.138790440938,72.3302592265119,4.531950386863601
GCAM 5.3 - R_MAC_35_n8,Russia and Central Asia,High-BECCS,1.8929941,0.0865952,13.7455269116,95.42549023264256,0.6299882176718985
GCAM 5.3 - R_MAC_35_n8,World,High-BECCS,21.5015780634,5.42886503845,183.353069758495,74.75131814770835,2.9608803635525023
GCAM 5.3 - R_MAC_40_n8,Asia,High-BECCS,4.47710041999999,2.78490733,74.2667706953717,37.79663021273028,3.749869967314406
GCAM 5.3 - R_MAC_40_n8,Latin America,High-BECCS,1.7229063,0.9489708641,10.2801537447924,44.92034395021947,9.231096028896635
GCAM 5.3 - R_MAC_40_n8,Middle East and Africa,High-BECCS,4.3775471114,2.0531148986,15.30589611802,53.09896509729657,13.413882354675192
GCAM 5.3 - R_MAC_40_n8,OECD Countries,High-BECCS,9.031030132,5.49785675,49.2771070444,39.122595433280296,11.15702012507813
GCAM 5.3 - R_MAC_40_n8,Russia and Central Asia,High-BECCS,1.8929941,0.2690026,11.9280578642,85.7895700784276,2.2552087109450123
GCAM 5.3 - R_MAC_40_n8,World,High-BECCS,21.5015780634,11.5538524427,161.057985466784,46.265095479819806,7.1737221903119
GCAM 5.3 - R_MAC_45_n8,Asia,High-BECCS,4.47710041999999,3.35548063,69.4014221678377,25.052370614461058,4.834887420441092
GCAM 5.3 - R_MAC_45_n8,Latin America,High-BECCS,1.7229063,1.1707477,9.63289698862,32.04809222648963,12.15364081421284
GCAM 5.3 - R_MAC_45_n8,Middle East and Africa,High-BECCS,4.3775471114,2.5859066583,14.460691368917,40.92795365775079,17.882316912304486
GCAM 5.3 - R_MAC_45_n8,OECD Countries,High-BECCS,9.031030132,6.720873314,46.67020548645,25.580213820949737,14.400779349367351
GCAM 5.3 - R_MAC_45_n8,Russia and Central Asia,High-BECCS,1.8929941,0.401704299999999,11.1467383939,78.7794214466913,3.603783329299536
GCAM 5.3 - R_MAC_45_n8,World,High-BECCS,21.5015780634,14.2347126023,151.311954405725,33.796893603217256,9.407526760332043
GCAM 5.3 - R_MAC_50_n8,Asia,High-BECCS,4.47710041999999,3.6573393,66.6039426844267,18.31009008281285,5.491175375801224
GCAM 5.3 - R_MAC_50_n8,Latin America,High-BECCS,1.7229063,1.2931118,9.25083169763,24.945901004599037,13.97833018982808
GCAM 5.3 - R_MAC_50_n8,Middle East and Africa,High-BECCS,4.3775471114,2.8756422245,14.003540723996,34.309279801666605,20.535108092858223
GCAM 5.3 - R_MAC_50_n8,OECD Countries,High-BECCS,9.031030132,7.32539999299999,45.15270544502,18.886329843551117,16.223612562750493
GCAM 5.3 - R_MAC_50_n8,Russia and Central Asia,High-BECCS,1.8929941,0.5005099,10.6938539828,73.55988061452489,4.680350982957317
GCAM 5.3 - R_MAC_50_n8,World,High-BECCS,21.5015780634,15.6520032175,145.704874533873,27.20532803988536,10.742264641160837
IMAGE 3.2 - SSP1_SPA1_19I_D_LB,Asia,High-BECCS,3.57434930490039,1.4482556568081,54.827911808,59.48197746586886,2.6414568949474075
IMAGE 3.2 - SSP1_SPA1_19I_D_LB,Latin America,High-BECCS,1.72293319733197,0.214164263409118,6.904133312,87.56978716639972,3.1019717281078774
IMAGE 3.2 - SSP1_SPA1_19I_D_LB,Middle East and Africa,High-BECCS,4.09808892801757,1.41418726314468,9.37491551999999,65.4915428145971,15.084800072360348
IMAGE 3.2 - SSP1_SPA1_19I_D_LB,OECD Countries,High-BECCS,9.89964707256604,3.71106155000017,35.388108288,62.51319342197274,10.48674746838214
IMAGE 3.2 - SSP1_SPA1_19I_D_LB,Russia and Central Asia,High-BECCS,2.2584876039375,1.6481514775,5.028541632,27.02410787526245,32.77593382168104
IMAGE 3.2 - SSP1_SPA1_19I_D_LB,World,High-BECCS,21.553500864,8.435820224,111.523602432,60.86102078159361,7.564156860108269
IMAGE 3.2 - SSP1_SPA1_19I_LIRE_LB,Asia,High-BECCS,3.57591515291015,1.52612603932861,53.461202688,57.32208472321782,2.8546421752520112
IMAGE 3.2 - SSP1_SPA1_19I_LIRE_LB,Latin America,High-BECCS,1.74666554661669,0.308641137811767,7.011816704,82.3296945193882,4.401728551114261
IMAGE 3.2 - SSP1_SPA1_19I_LIRE_LB,Middle East and Africa,High-BECCS,4.12978810222594,1.46505155053663,9.191953472,64.52477671319329,15.93841347216765
IMAGE 3.2 - SSP1_SPA1_19I_LIRE_LB,OECD Countries,High-BECCS,9.8582043498092,4.962081424,35.962404352,49.66546393313465,13.797969055214297
IMAGE 3.2 - SSP1_SPA1_19I_LIRE_LB,Russia and Central Asia,High-BECCS,2.24753302875,1.73379678290625,5.203442048,22.857784035746622,33.320190114784765
IMAGE 3.2 - SSP1_SPA1_19I_LIRE_LB,World,High-BECCS,21.558104512,9.995696576,110.8307968,53.633694602250195,9.018880008629514
IMAGE 3.2 - SSP1_SPA1_19I_RE_LB,Asia,High-BECCS,3.58138130014843,1.54070147929296,56.571999744,56.98024448753597,2.7234347137540706
IMAGE 3.2 - SSP1_SPA1_19I_RE_LB,Latin America,High-BECCS,1.74787434502417,0.314841776335083,7.248932416,81.98716187857718,4.343284752388606
IMAGE 3.2 - SSP1_SPA1_19I_RE_LB,Middle East and Africa,High-BECCS,4.09264916025142,1.47154762452777,9.987257024,64.0441296845154,14.73425206732489
IMAGE 3.2 - SSP1_SPA1_19I_RE_LB,OECD Countries,High-BECCS,9.89890940498303,4.89690533820329,37.213551616,50.530860139620756,13.15893035078614
IMAGE 3.2 - SSP1_SPA1_19I_RE_LB,Russia and Central Asia,High-BECCS,2.2575009261875,1.7017888305,5.246437504,24.616251060680383,32.43703616411171
IMAGE 3.2 - SSP1_SPA1_19I_RE_LB,World,High-BECCS,21.578310144,9.925785408,116.268204032,54.00109952187366,8.536973191112653
IMAGE 3.2 - SSP2_SPA1_19I_D_LB,Asia,High-BECCS,3.58430371999218,1.68410251833829,52.530155008,53.014514117627165,3.2059728704052217
IMAGE 3.2 - SSP2_SPA1_19I_D_LB,Latin America,High-BECCS,1.74817135504614,0.119343336300903,6.590141312,93.17324723595227,1.8109374389831445
IMAGE 3.2 - SSP2_SPA1_19I_D_LB,Middle East and Africa,High-BECCS,4.12962806037817,1.57581868447299,8.595939392,61.84114740036213,18.33212884143367
IMAGE 3.2 - SSP2_SPA1_19I_D_LB,OECD Countries,High-BECCS,9.86457165979772,3.91746348381279,34.344567808,60.28754598866059,11.40635545543328
IMAGE 3.2 - SSP2_SPA1_19I_D_LB,Russia and Central Asia,High-BECCS,2.2596896379375,1.69272882890625,4.93289952,25.090207058201827,34.31508835813972
IMAGE 3.2 - SSP2_SPA1_19I_D_LB,World,High-BECCS,21.586358928,8.989456096,106.993696768,58.35584812619957,8.40185577987113
IMAGE 3.2 - SSP2_SPA1_19I_LIRE_LB,Asia,High-BECCS,3.57591470291015,0.810754008211425,53.340415744,77.32736724531999,1.5199619217490308
IMAGE 3.2 - SSP2_SPA1_19I_LIRE_LB,Latin America,High-BECCS,1.74666533455419,0.287127460821044,7.042144448,83.56139237776027,4.077273094030178
IMAGE 3.2 - SSP2_SPA1_19I_LIRE_LB,Middle East and Africa,High-BECCS,4.12978602410094,1.46363261456414,9.198054464,64.55911744524887,15.912415177498778
IMAGE 3.2 - SSP2_SPA1_19I_LIRE_LB,OECD Countries,High-BECCS,9.85820420569983,4.653418034,36.0284154879999,52.79649379438213,12.9159663864483
IMAGE 3.2 - SSP2_SPA1_19I_LIRE_LB,Russia and Central Asia,High-BECCS,2.2475308783125,1.7010264776875,5.20250688,24.315768290370656,32.69628502033812
IMAGE 3.2 - SSP2_SPA1_19I_LIRE_LB,World,High-BECCS,21.558102464,8.9159584,110.811496448,58.64219304603079,8.04605901535131
IMAGE 3.2 - SSP2_SPA1_19I_RE_LB,Asia,High-BECCS,3.56358153652539,1.58378150642083,54.179751296,55.556467834742755,2.9231981848129265
IMAGE 3.2 - SSP2_SPA1_19I_RE_LB,Latin America,High-BECCS,1.74810928937719,0.114653380404541,6.98859756799999,93.44129219487247,1.640577802469641
IMAGE 3.2 - SSP2_SPA1_19I_RE_LB,Middle East and Africa,High-BECCS,4.12944243807055,1.52603811833284,9.338260544,63.0449354551151,16.341781332213383
IMAGE 3.2 - SSP2_SPA1_19I_RE_LB,OECD Countries,High-BECCS,9.867258239604,4.97432267200032,36.453129216,49.58759007608629,13.645804294400579
IMAGE 3.2 - SSP2_SPA1_19I_RE_LB,Russia and Central Asia,High-BECCS,2.2596745506875,1.7707987326875,5.267867968,21.634788861575696,33.61509330614074
IMAGE 3.2 - SSP2_SPA1_19I_RE_LB,World,High-BECCS,21.568058816,9.9695952,112.227598336,53.7761126995621,8.883372136461364
IMAGE 3.2 - SSP2_SPA2_19I_LI,Asia,High-BECCS,3.57591486191015,6.8396510000288,53.151488256,-91.26996206993746,12.868221049777862
IMAGE 3.2 - SSP2_SPA2_19I_LI,Latin America,High-BECCS,1.74666533455419,1.66489476323657,7.277067648,4.681524829053226,22.878648980185627
IMAGE 3.2 - SSP2_SPA2_19I_LI,Middle East and Africa,High-BECCS,4.12978602410094,5.42233721113549,10.165214016,-31.298260478663423,53.34208608496345
IMAGE 3.2 - SSP2_SPA2_19I_LI,OECD Countries,High-BECCS,9.85820420569983,9.18975223254101,35.825614528,6.780666734133303,25.651345702272977
IMAGE 3.2 - SSP2_SPA2_19I_LI,Russia and Central Asia,High-BECCS,2.2475308783125,2.8239782885,5.675560768,-25.648030723400378,49.7568152987134
IMAGE 3.2 - SSP2_SPA2_19I_LI,World,High-BECCS,21.558102464,25.9406112,112.094896128,-20.32882413152259,23.14165238208409
MESSAGE-GLOBIOM 1.0 - ADVANCE_2020_1.5C-2100,Asia,Low-BECCS,4.69669,5.01258,45.03084,-6.72580051057233,11.13143792121133
MESSAGE-GLOBIOM 1.0 - ADVANCE_2020_1.5C-2100,Latin America,Low-BECCS,2.37833,0.03704,7.56425,98.44260468479983,0.4896718114816406
MESSAGE-GLOBIOM 1.0 - ADVANCE_2020_1.5C-2100,Middle East and Africa,Low-BECCS,5.43474,4.8044,10.88686,11.59834693103993,44.13026345521114
MESSAGE-GLOBIOM 1.0 - ADVANCE_2020_1.5C-2100,OECD Countries,Low-BECCS,11.21128,8.14185,39.79139,27.378051391098968,20.46133598248264
MESSAGE-GLOBIOM 1.0 - ADVANCE_2020_1.5C-2100,Russia and Central Asia,Low-BECCS,3.66555999999999,1.2075,6.79435,67.05823939589031,17.772119481628117
MESSAGE-GLOBIOM 1.0 - ADVANCE_2020_1.5C-2100,World,Low-BECCS,27.534,18.971,110.066,31.099731241374297,17.236022023149744
MESSAGE-GLOBIOM 1.0 - EMF33_1.5C_cost100,Asia,High-BECCS,5.52741517437795,6.42693050385924,47.84542026116,-16.27370662603648,13.432697359075139
MESSAGE-GLOBIOM 1.0 - EMF33_1.5C_cost100,Latin America,High-BECCS,2.61833559819758,0.097784642832267,8.41335297200878,96.26538924576437,1.1622553238595414
MESSAGE-GLOBIOM 1.0 - EMF33_1.5C_cost100,Middle East and Africa,High-BECCS,5.27366385850083,4.51257735914823,12.4064720813034,14.431835622700428,36.37276841938572
MESSAGE-GLOBIOM 1.0 - EMF33_1.5C_cost100,OECD Countries,High-BECCS,7.39436189425187,9.94694874015751,44.1006738740824,-34.52071838531375,22.55509466489864
MESSAGE-GLOBIOM 1.0 - EMF33_1.5C_cost100,Russia and Central Asia,High-BECCS,3.83246030253982,0.408784793219234,7.24091305943992,89.33361963466842,5.645486831060685
MESSAGE-GLOBIOM 1.0 - EMF33_1.5C_cost100,World,High-BECCS,24.646236827868,21.3930260392165,120.006832247995,13.199624800217082,17.82650674005598
MESSAGE-GLOBIOM 1.0 - EMF33_1.5C_full,Asia,High-BECCS,5.52741517437795,6.57844613979743,47.8945475173351,-19.014872815986042,13.735271509593879
MESSAGE-GLOBIOM 1.0 - EMF33_1.5C_full,Latin America,High-BECCS,2.61833559819758,0.092956134996421,8.50066890749755,96.44980058857196,1.093515533988556
MESSAGE-GLOBIOM 1.0 - EMF33_1.5C_full,Middle East and Africa,High-BECCS,5.27366385850083,4.38945186152139,12.3550784256527,16.766559657649456,35.527511119699774
MESSAGE-GLOBIOM 1.0 - EMF33_1.5C_full,OECD Countries,High-BECCS,7.39436189425187,10.6355648783303,44.1394542132304,-43.83343729224334,24.095370157844826
MESSAGE-GLOBIOM 1.0 - EMF33_1.5C_full,Russia and Central Asia,High-BECCS,3.83246030253982,0.541049851657647,7.37721298496105,85.88244080965205,7.334068472207782
MESSAGE-GLOBIOM 1.0 - EMF33_1.5C_full,World,High-BECCS,24.646236827868,22.2374688663032,120.266962048677,9.773370183804934,18.490089453912354
MESSAGE-GLOBIOM 1.0 - SSP2-19,Asia,Low-BECCS,3.74286,6.98602,47.41768,-86.64924683263602,14.732943492806903
MESSAGE-GLOBIOM 1.0 - SSP2-19,Latin America,Low-BECCS,2.63753,1.93166,8.0884,26.762539193866992,23.881855496760792
MESSAGE-GLOBIOM 1.0 - SSP2-19,Middle East and Africa,Low-BECCS,5.4078,5.9164,11.33677,-9.404933614408824,52.18770425791473
MESSAGE-GLOBIOM 1.0 - SSP2-19,OECD Countries,Low-BECCS,10.75077,12.44237,40.43733,-15.734686910798029,30.76951420877689
MESSAGE-GLOBIOM 1.0 - SSP2-19,Russia and Central Asia,Low-BECCS,2.49399,2.98304,6.60213,-19.60914037345778,45.182993973157146
MESSAGE-GLOBIOM 1.0 - SSP2-19,World,Low-BECCS,25.05,30.069,113.883,-20.035928143712567,26.40341403018888
MESSAGEix-GLOBIOM 1.0 - CD-LINKS_NPi2020_400,Asia,High-BECCS,7.38061943080448,8.38586357033039,57.5851009377308,-13.620051121052569,14.562557734158316
MESSAGEix-GLOBIOM 1.0 - CD-LINKS_NPi2020_400,Latin America,High-BECCS,2.55886387657549,0.574418850702729,9.70760962408111,77.55180117390731,5.917201792682322
MESSAGEix-GLOBIOM 1.0 - CD-LINKS_NPi2020_400,Middle East and Africa,High-BECCS,4.98053806380478,4.69697715107992,14.374036237364,5.693379090616568,32.67681445570976
MESSAGEix-GLOBIOM 1.0 - CD-LINKS_NPi2020_400,OECD Countries,High-BECCS,13.771253669883,15.1214365785788,51.3474472242667,-9.804357257963943,29.449247033711227
MESSAGEix-GLOBIOM 1.0 - CD-LINKS_NPi2020_400,Russia and Central Asia,High-BECCS,3.43133143113877,2.05899655362055,8.57783030294041,39.99423853564556,24.003698848119473
MESSAGEix-GLOBIOM 1.0 - CD-LINKS_NPi2020_400,World,High-BECCS,32.1226064722066,30.8376927043124,141.592024326383,4.000029602224039,21.77925829581234
MESSAGEix-GLOBIOM_1.1 - EN_NPi2020_450,Asia,Low-BECCS,6.65663450174967,1.71773983537135,60.5964590911698,74.1950705732777,2.834719818837833
MESSAGEix-GLOBIOM_1.1 - EN_NPi2020_450,Latin America,Low-BECCS,1.85511796865279,0.013656559920353,10.2200611040843,99.26384412468008,0.13362503199609396
MESSAGEix-GLOBIOM_1.1 - EN_NPi2020_450,Middle East and Africa,Low-BECCS,4.98216237374256,0.04031356437791,10.7023966855895,99.19084202091898,0.3766779120810497
MESSAGEix-GLOBIOM_1.1 - EN_NPi2020_450,OECD Countries,Low-BECCS,10.7204614734945,0.301297016220044,45.9960862606914,97.1895144909109,0.6550492459562471
MESSAGEix-GLOBIOM_1.1 - EN_NPi2020_450,Russia and Central Asia,Low-BECCS,2.69993930666757,0.013427661346427,8.2697766172927,99.50266802986026,0.1623703029456538
MESSAGEix-GLOBIOM_1.1 - EN_NPi2020_450,World,Low-BECCS,26.9143156243071,2.08643463723609,135.784779758827,92.24786293524859,1.5365747478781446
MESSAGEix-GLOBIOM_1.1 - EN_NPi2020_500,Asia,Low-BECCS,6.65663450174967,2.51947427917901,60.5876302584713,62.15092959487597,4.1583971322706414
MESSAGEix-GLOBIOM_1.1 - EN_NPi2020_500,Latin America,Low-BECCS,1.85511796865279,0.014050448181704,9.3089989223034,99.24261160642482,0.15093404026549595
MESSAGEix-GLOBIOM_1.1 - EN_NPi2020_500,Middle East and Africa,Low-BECCS,4.98216237374256,1.09969282761162,11.3770162743488,77.92739888592712,9.665915922886068
MESSAGEix-GLOBIOM_1.1 - EN_NPi2020_500,OECD Countries,Low-BECCS,10.7204614734945,1.32673824823207,45.4964918819076,87.62424312132153,2.916133076096947
MESSAGEix-GLOBIOM_1.1 - EN_NPi2020_500,Russia and Central Asia,Low-BECCS,2.69993930666757,0.35383496786713,8.41473425042866,86.89470659605846,4.204945246477689
MESSAGEix-GLOBIOM_1.1 - EN_NPi2020_500,World,Low-BECCS,26.9143156243071,5.31379077107155,135.184871587459,80.2566379719776,3.930758455936948
MESSAGEix-GLOBIOM_1.1 - EN_NPi2020_600_COV,Asia,Low-BECCS,5.63708285323746,5.09769825353015,50.3981528221864,9.568505799015055,10.11485137464409
MESSAGEix-GLOBIOM_1.1 - EN_NPi2020_600_COV,Latin America,Low-BECCS,1.44989243919983,0.151972019084963,6.96333387186816,89.51839357346854,2.182460612709227
MESSAGEix-GLOBIOM_1.1 - EN_NPi2020_600_COV,Middle East and Africa,Low-BECCS,4.70493713759766,3.40801160693418,10.2633684150625,27.565204225569946,33.20558581851733
MESSAGEix-GLOBIOM_1.1 - EN_NPi2020_600_COV,OECD Countries,Low-BECCS,8.74785489128729,7.57959440637046,37.5982858439576,13.354822404294753,20.159414814355355
MESSAGEix-GLOBIOM_1.1 - EN_NPi2020_600_COV,Russia and Central Asia,Low-BECCS,1.7126619838476,0.94653476578872,6.79750498717484,44.733124532707166,13.924738085144329
MESSAGEix-GLOBIOM_1.1 - EN_NPi2020_600_COV,World,Low-BECCS,22.2524293051698,17.1838110517084,112.020645940249,22.777819823401636,15.33986070824312
MESSAGEix-GLOBIOM_1.1 - EN_NPi2020_600_DR1p,Asia,Low-BECCS,5.25090791588425,1.72992427942102,61.9815906907524,67.05475877442231,2.791029175182371
MESSAGEix-GLOBIOM_1.1 - EN_NPi2020_600_DR1p,Latin America,Low-BECCS,1.75769664893409,0.014068665415797,9.73054781034695,99.19959650464553,0.14458246020678428
MESSAGEix-GLOBIOM_1.1 - EN_NPi2020_600_DR1p,Middle East and Africa,Low-BECCS,4.67989267668971,1.67119579038244,11.5462593172746,64.28986932314548,14.473915269529144
MESSAGEix-GLOBIOM_1.1 - EN_NPi2020_600_DR1p,OECD Countries,Low-BECCS,10.3290543337065,1.28305339739676,46.7781900352803,87.57821039618497,2.74284532263663
MESSAGEix-GLOBIOM_1.1 - EN_NPi2020_600_DR1p,Russia and Central Asia,Low-BECCS,1.85600288709462,0.407061941110254,8.79855713817439,78.06781746188621,4.62646243830287
MESSAGEix-GLOBIOM_1.1 - EN_NPi2020_600_DR1p,World,Low-BECCS,23.8735544623092,5.10530407372628,138.835144991828,78.61523267602917,3.67724186410205
MESSAGEix-GLOBIOM_1.1 - EN_NPi2020_600_DR2p,Asia,Low-BECCS,5.44495152302081,1.69046447966769,61.619880864703,68.9535439843579,2.7433751184611896
MESSAGEix-GLOBIOM_1.1 - EN_NPi2020_600_DR2p,Latin America,Low-BECCS,1.95768098618096,0.014096725874847,9.24602733735104,99.27992732348353,0.15246251563523575
MESSAGEix-GLOBIOM_1.1 - EN_NPi2020_600_DR2p,Middle East and Africa,Low-BECCS,4.78800071606311,2.04775172970535,11.687423584233,57.23159098879386,17.520984971126428
MESSAGEix-GLOBIOM_1.1 - EN_NPi2020_600_DR2p,OECD Countries,Low-BECCS,10.4428609264247,1.78317158014217,45.3757239712826,82.92449173932769,3.9297920211051705
MESSAGEix-GLOBIOM_1.1 - EN_NPi2020_600_DR2p,Russia and Central Asia,Low-BECCS,2.17118153713131,0.40504890648807,8.52626955745395,81.34430955859897,4.7505993536641435
MESSAGEix-GLOBIOM_1.1 - EN_NPi2020_600_DR2p,World,Low-BECCS,24.8046756888209,5.94053342187813,136.455325315023,76.0507514937781,4.353463969371453
MESSAGEix-GLOBIOM_1.1 - EN_NPi2020_600_DR3p,Asia,Low-BECCS,5.51722014956573,2.37810765274184,60.3115943471978,56.89663293698683,3.943035627696571
MESSAGEix-GLOBIOM_1.1 - EN_NPi2020_600_DR3p,Latin America,Low-BECCS,1.96231574792399,0.090834084419397,8.7463418270467,95.37107702899017,1.0385380106973034
MESSAGEix-GLOBIOM_1.1 - EN_NPi2020_600_DR3p,Middle East and Africa,Low-BECCS,4.98212877052689,2.74009849040493,12.3034390920602,45.001451856991075,22.270996506766977
MESSAGEix-GLOBIOM_1.1 - EN_NPi2020_600_DR3p,OECD Countries,Low-BECCS,10.8610146394515,2.82009286268716,43.807550924181,74.03471999343904,6.4374583906047995
MESSAGEix-GLOBIOM_1.1 - EN_NPi2020_600_DR3p,Russia and Central Asia,Low-BECCS,2.61443717451079,0.475644733475368,8.69590268204094,81.80699317954083,5.4697568598333675
MESSAGEix-GLOBIOM_1.1 - EN_NPi2020_600_DR3p,World,Low-BECCS,25.937116481979,8.50477782372871,133.864828872526,67.21001029687399,6.353257906023592
MESSAGEix-GLOBIOM_1.1 - EN_NPi2020_600_DR4p,Asia,Low-BECCS,6.1242089519855,3.44991739017048,58.9040033107676,43.66754274358978,5.856847066861139
MESSAGEix-GLOBIOM_1.1 - EN_NPi2020_600_DR4p,Latin America,Low-BECCS,1.8770978112088,0.090896509047465,8.7220495367609,95.15760401484194,1.0421462141938391
MESSAGEix-GLOBIOM_1.1 - EN_NPi2020_600_DR4p,Middle East and Africa,Low-BECCS,4.97969577363218,2.93966504752455,12.3863643432588,40.96697506923472,23.733074258585358
MESSAGEix-GLOBIOM_1.1 - EN_NPi2020_600_DR4p,OECD Countries,Low-BECCS,10.8666794692775,3.30488163126297,43.4812610533212,69.58701468459985,7.600703271255596
MESSAGEix-GLOBIOM_1.1 - EN_NPi2020_600_DR4p,Russia and Central Asia,Low-BECCS,2.62088998486094,0.424888214396097,8.61639609954659,83.78839948069621,4.931159262959781
MESSAGEix-GLOBIOM_1.1 - EN_NPi2020_600_DR4p,World,Low-BECCS,26.4685719909649,10.2102487924015,132.110074343655,61.42501077924872,7.7285921176925605
MESSAGEix-GLOBIOM_1.1 - NGFS2_Divergent Net Zero Policies,Asia,Low-BECCS,5.63708285,5.369809916,51.378421516,4.741334145904903,10.451488694193849
MESSAGEix-GLOBIOM_1.1 - NGFS2_Divergent Net Zero Policies,Latin America,Low-BECCS,1.449892438,0.015564491,7.447897726,98.92650719514961,0.20897831270783485
MESSAGEix-GLOBIOM_1.1 - NGFS2_Divergent Net Zero Policies,Middle East and Africa,Low-BECCS,4.704937138,3.075629979,10.399155436,34.62973279367968,29.575766973851778
MESSAGEix-GLOBIOM_1.1 - NGFS2_Divergent Net Zero Policies,OECD Countries,Low-BECCS,8.747854891,6.846277019,38.616121772,21.737647636981123,17.729064196094747
MESSAGEix-GLOBIOM_1.1 - NGFS2_Divergent Net Zero Policies,Russia and Central Asia,Low-BECCS,1.712661981,0.817490496,6.844993902,52.26784356346379,11.942895898872052
MESSAGEix-GLOBIOM_1.1 - NGFS2_Divergent Net Zero Policies,World,Low-BECCS,22.2524293,16.1247719,114.6865904,27.537026710157892,14.059858126185953
MESSAGEix-GLOBIOM_1.1 - NGFS2_Net-Zero 2050,Asia,Low-BECCS,5.63708285,4.965996133,50.708284592,11.90485814839496,9.793263907380258
MESSAGEix-GLOBIOM_1.1 - NGFS2_Net-Zero 2050,Latin America,Low-BECCS,1.449892438,0.167462068,7.18283841,88.45003507770552,2.3314191193116374
MESSAGEix-GLOBIOM_1.1 - NGFS2_Net-Zero 2050,Middle East and Africa,Low-BECCS,4.704937138,3.412132745,10.078115473,27.47761245434093,33.85685304104076
MESSAGEix-GLOBIOM_1.1 - NGFS2_Net-Zero 2050,OECD Countries,Low-BECCS,8.747854891,2.932468913,37.976030743,66.47785143284678,7.721894193854192
MESSAGEix-GLOBIOM_1.1 - NGFS2_Net-Zero 2050,Russia and Central Asia,Low-BECCS,1.712661981,1.001355003,7.083468614,41.5322454688156,14.136506527619662
MESSAGEix-GLOBIOM_1.1 - NGFS2_Net-Zero 2050,World,Low-BECCS,22.2524293,12.47941486,113.0287378,43.91886525396128,11.040922072474917
POLES ADVANCE - ADVANCE_2020_1.5C-2100,Asia,High-BECCS,4.8090707019405,5.91894288223737,55.5330149812507,-23.078724541292924,10.65842163303352
POLES ADVANCE - ADVANCE_2020_1.5C-2100,Latin America,High-BECCS,1.70503296320024,1.58497459134813,8.83541065645237,7.041410602805471,17.93888991668595
POLES ADVANCE - ADVANCE_2020_1.5C-2100,Middle East and Africa,High-BECCS,4.17554148251616,3.41074533070252,8.8978959080235,18.316095170314966,38.33204350735266
POLES ADVANCE - ADVANCE_2020_1.5C-2100,OECD Countries,High-BECCS,9.92231719000492,7.43508783254913,43.283584071122,25.067021239365925,17.17761593016897
POLES ADVANCE - ADVANCE_2020_1.5C-2100,Russia and Central Asia,High-BECCS,2.25904756788225,1.41528428970018,6.026968059012,37.35039891050448,23.48252514104393
POLES ADVANCE - ADVANCE_2020_1.5C-2100,World,High-BECCS,22.8710100409199,19.7650341408735,122.576874266592,13.580405476143428,16.12460283322823
POLES EMF33 - EMF33_WB2C_cost100,Asia,High-BECCS,1.4883793592453,3.34105348587036,37.9921245574951,-124.4759351919849,8.794068572854359
POLES EMF33 - EMF33_WB2C_cost100,Latin America,High-BECCS,0.220107555389404,0.220907509326935,3.15256190299988,-0.3634377457492434,7.007237799731268
POLES EMF33 - EMF33_WB2C_cost100,OECD Countries,High-BECCS,8.37649440765381,7.84564781188965,24.2785363197326,6.337336001551108,32.31515981263265
POLES EMF33 - EMF33_WB2C_cost100,Russia and Central Asia,High-BECCS,1.87407529354095,0.951406717300415,3.91979241371154,49.2332714390151,24.271864856219647
POLES EMF33 - EMF33_WB2C_cost100,World,High-BECCS,24.6999473571777,24.0072402954102,115.05980682373,2.804488008619995,20.86501008313785
POLES EMF33 - EMF33_WB2C_full,Asia,High-BECCS,1.48838049173355,3.41753923892975,38.6569232940674,-129.614621927036,8.840691259705691
POLES EMF33 - EMF33_WB2C_full,Latin America,High-BECCS,0.22010663151741,0.22859388589859,3.14594459533691,-3.8559739534738546,7.266303616326375
POLES EMF33 - EMF33_WB2C_full,OECD Countries,High-BECCS,8.37622463703156,7.97693622112274,24.3096671104431,4.766925831281477,32.813843911897735
POLES EMF33 - EMF33_WB2C_full,Russia and Central Asia,High-BECCS,1.87407457828522,1.0027369260788,3.9565896987915,46.49428909086931,25.343465014456154
POLES EMF33 - EMF33_WB2C_full,World,High-BECCS,24.699686050415,24.6681213378906,116.108390808105,0.12779398272501324,21.245769721036073
POLES EMF33 - EMF33_WB2C_nofuel,Asia,High-BECCS,1.4883753657341,3.36617541313171,38.2552289962769,-126.164413267579,8.799255687266479
POLES EMF33 - EMF33_WB2C_nofuel,Latin America,High-BECCS,0.220109120011329,0.220771968364716,3.15921330451964,-0.3011453379818443,6.9881944359019625
POLES EMF33 - EMF33_WB2C_nofuel,OECD Countries,High-BECCS,8.37727040052414,7.85911667346954,24.300666809082,6.185233402782131,32.34115645967508
POLES EMF33 - EMF33_WB2C_nofuel,Russia and Central Asia,High-BECCS,1.87407541275024,0.964846074581145,3.92686104774474,48.5161553256165,24.570415475619434
POLES EMF33 - EMF33_WB2C_nofuel,World,High-BECCS,24.7006587982178,24.1796627044678,115.531593322754,2.1092396684884815,20.929048071654698
REMIND 1.7 - ADVANCE_2020_1.5C-2100,Asia,High-BECCS,6.9826,8.0699,56.9324,-15.571563600950947,14.17452979322846
REMIND 1.7 - ADVANCE_2020_1.5C-2100,Latin America,High-BECCS,1.0635,0.3534,10.0157,66.77009873060649,3.5284603173018354
REMIND 1.7 - ADVANCE_2020_1.5C-2100,Middle East and Africa,High-BECCS,6.556,3.9908,11.1931,39.127516778523486,35.654108334599
REMIND 1.7 - ADVANCE_2020_1.5C-2100,OECD Countries,High-BECCS,10.2917,7.6864,45.7206,25.314573879922662,16.81167788699186
REMIND 1.7 - ADVANCE_2020_1.5C-2100,Russia and Central Asia,High-BECCS,2.0573,0.7819,3.8253,61.9938754678462,20.44022691030769
REMIND 1.7 - ADVANCE_2020_1.5C-2100,World,High-BECCS,26.9513,20.8825,127.687,22.517652209726432,16.354444853430653
REMIND 1.7 - CEMICS-1.5-CDR12,Asia,High-BECCS,6.8993,4.6369,56.7265,32.79173249460091,8.174133782271072
REMIND 1.7 - CEMICS-1.5-CDR12,Latin America,High-BECCS,1.3424,0.4512,10.3629,66.388557806913,4.353993573227571
REMIND 1.7 - CEMICS-1.5-CDR12,Middle East and Africa,High-BECCS,6.829,2.9053,10.4446,57.45643578854883,27.816287842521493
REMIND 1.7 - CEMICS-1.5-CDR12,OECD Countries,High-BECCS,12.0259,6.5212,44.8213,45.773705086521595,14.549332571790645
REMIND 1.7 - CEMICS-1.5-CDR12,Russia and Central Asia,High-BECCS,2.1931,0.8411,3.9157,61.64789567279194,21.480195111985086
REMIND 1.7 - CEMICS-1.5-CDR12,World,High-BECCS,29.2896,15.3557,126.2709,47.57285862558724,12.16091751939679
REMIND 1.7 - CEMICS-1.5-CDR20,Asia,High-BECCS,6.8993,8.5756,57.2143,-24.2966677778905,14.988560552169648
REMIND 1.7 - CEMICS-1.5-CDR20,Latin America,High-BECCS,1.3424,0.4512,9.7605,66.388557806913,4.622714000307361
REMIND 1.7 - CEMICS-1.5-CDR20,Middle East and Africa,High-BECCS,6.829,4.9377,11.4666,27.695123737003946,43.061587567369585
REMIND 1.7 - CEMICS-1.5-CDR20,OECD Countries,High-BECCS,12.0259,9.8524,44.7218,18.07349138110246,22.030419169174763
REMIND 1.7 - CEMICS-1.5-CDR20,Russia and Central Asia,High-BECCS,2.1931,1.1917,4.0243,45.66139254935935,29.61260343413761
REMIND 1.7 - CEMICS-1.5-CDR20,World,High-BECCS,29.2896,25.0087,127.1876,14.61576805418988,19.662844491129636
REMIND 1.7 - CEMICS-1.5-CDR8,Asia,High-BECCS,6.8993,3.6383,58.1445,47.26566463264389,6.257341623025393
REMIND 1.7 - CEMICS-1.5-CDR8,Latin America,High-BECCS,1.3424,0.4511,11.2076,66.39600715137067,4.024947357150505
REMIND 1.7 - CEMICS-1.5-CDR8,Middle East and Africa,High-BECCS,6.829,2.9051,10.9053,57.45936447503295,26.639340504158525
REMIND 1.7 - CEMICS-1.5-CDR8,OECD Countries,High-BECCS,12.0259,4.6244,46.7884,61.54632917286857,9.883646373887544
REMIND 1.7 - CEMICS-1.5-CDR8,Russia and Central Asia,High-BECCS,2.1931,0.8321,4.1208,62.05827367653093,20.192681032809162
REMIND 1.7 - CEMICS-1.5-CDR8,World,High-BECCS,29.2896,12.4511,131.1666,57.48968917294876,9.492584240195296
REMIND 1.7 - CEMICS-2.0-CDR8,Asia,Low-BECCS,6.8993,8.5762,57.0981,-24.30536431232154,15.020114504685795
REMIND 1.7 - CEMICS-2.0-CDR8,Latin America,Low-BECCS,1.3424,0.4512,9.816,66.388557806913,4.596577017114914
REMIND 1.7 - CEMICS-2.0-CDR8,Middle East and Africa,Low-BECCS,6.829,4.92399999999999,11.426,27.895738761165763,43.09469630666891
REMIND 1.7 - CEMICS-2.0-CDR8,OECD Countries,Low-BECCS,12.0259,9.9004,44.7103,17.674352855087776,22.14344345710049
REMIND 1.7 - CEMICS-2.0-CDR8,Russia and Central Asia,Low-BECCS,2.1931,1.27119999999999,3.9991,42.03638684966531,31.787152109224326
REMIND 1.7 - CEMICS-2.0-CDR8,World,Low-BECCS,29.2896,25.123,127.0495,14.225527149568444,19.77418250366983
REMIND 2.1 - CEMICS_GDPgrowth_1p5,Asia,High-BECCS,5.996,14.3509,57.0659,-139.34122748498996,25.147942992224777
REMIND 2.1 - CEMICS_GDPgrowth_1p5,Latin America,High-BECCS,1.3353,0.5037,9.5572,62.27813974387778,5.270372075503286
REMIND 2.1 - CEMICS_GDPgrowth_1p5,Middle East and Africa,High-BECCS,5.1154,3.507,11.9157,31.44231145169488,29.431758100657117
REMIND 2.1 - CEMICS_GDPgrowth_1p5,OECD Countries,High-BECCS,11.4766,6.5612,40.3115,42.829757942247696,16.276248713146373
REMIND 2.1 - CEMICS_GDPgrowth_1p5,Russia and Central Asia,High-BECCS,2.0134,2.1362,5.6999,-6.099135790205635,37.477850488605064
REMIND 2.1 - CEMICS_GDPgrowth_1p5,World,High-BECCS,25.9368,27.059,124.5502,-4.326670984855492,21.725376595139952
REMIND 2.1 - CEMICS_HotellingConst_1p5,Asia,High-BECCS,5.996,16.6588,58.4248,-177.8318879252835,28.513234106064548
REMIND 2.1 - CEMICS_HotellingConst_1p5,Latin America,High-BECCS,1.3353,0.5263,9.5021,60.585636186624725,5.538775639069257
REMIND 2.1 - CEMICS_HotellingConst_1p5,Middle East and Africa,High-BECCS,5.1154,4.85,12.2319,5.188255072917084,39.65042225655867
REMIND 2.1 - CEMICS_HotellingConst_1p5,OECD Countries,High-BECCS,11.4766,7.338,40.8585,36.061202795252946,17.95954330188333
REMIND 2.1 - CEMICS_HotellingConst_1p5,Russia and Central Asia,High-BECCS,2.0134,2.5825,5.9626,-28.26562034369724,43.31164257203233
REMIND 2.1 - CEMICS_HotellingConst_1p5,World,High-BECCS,25.9368,31.9557,126.9799,-23.206023873415372,25.16595146160928
REMIND 2.1 - CEMICS_Linear_1p5,Asia,High-BECCS,5.996,15.4353999999999,58.1275,-157.42828552368076,26.554384757644662
REMIND 2.1 - CEMICS_Linear_1p5,Latin America,High-BECCS,1.3353,0.526,9.5783,60.60810304800419,5.4915799254565005
REMIND 2.1 - CEMICS_Linear_1p5,Middle East and Africa,High-BECCS,5.1154,4.0618,11.908,20.59662978457208,34.10984212294256
REMIND 2.1 - CEMICS_Linear_1p5,OECD Countries,High-BECCS,11.4766,6.1243,40.547,46.63663454333165,15.104200064123116
REMIND 2.1 - CEMICS_Linear_1p5,Russia and Central Asia,High-BECCS,2.0134,2.2731,5.802,-12.898579517234532,39.177869700103415
REMIND 2.1 - CEMICS_Linear_1p5,World,High-BECCS,25.9368,28.4205,125.9628,-9.575969279170902,22.562613724051864
REMIND 2.1 - CEMICS_opt_1p5,Asia,High-BECCS,5.996,17.0892,58.2558,-185.0100066711141,29.33476151730815
REMIND 2.1 - CEMICS_opt_1p5,Latin America,High-BECCS,1.3353,0.5503,9.8569,58.788287276267496,5.582891172681067
REMIND 2.1 - CEMICS_opt_1p5,Middle East and Africa,High-BECCS,5.1154,5.6617,12.3167,-10.679516753333063,45.96766991158346
REMIND 2.1 - CEMICS_opt_1p5,OECD Countries,High-BECCS,11.4766,7.4224,41.4951,35.325793353432196,17.887413212644386
REMIND 2.1 - CEMICS_opt_1p5,Russia and Central Asia,High-BECCS,2.0134,2.5345,5.8054,-25.881593324724356,43.657629103937715
REMIND 2.1 - CEMICS_opt_1p5,World,High-BECCS,25.9368,33.2582,127.73,-28.227846149100895,26.037892429343145
REMIND 2.1 - LeastTotalCost_LTC_brkLR15_SSP1_P50,Asia,Low-BECCS,6.0023,19.4041,57.6232,-223.27774353164622,33.67411042774438
REMIND 2.1 - LeastTotalCost_LTC_brkLR15_SSP1_P50,Latin America,Low-BECCS,1.3353,0.5175,8.9315,61.24466412042238,5.794099535352403
REMIND 2.1 - LeastTotalCost_LTC_brkLR15_SSP1_P50,Middle East and Africa,Low-BECCS,5.12259999999999,5.40649999999999,11.8139,-5.542107523523223,45.76388830106899
REMIND 2.1 - LeastTotalCost_LTC_brkLR15_SSP1_P50,OECD Countries,Low-BECCS,11.5121,6.9423,37.493,39.695624603677864,18.516256367855334
REMIND 2.1 - LeastTotalCost_LTC_brkLR15_SSP1_P50,Russia and Central Asia,Low-BECCS,2.0125,2.4272,5.4845,-20.606211180124212,44.25562950132191
REMIND 2.1 - LeastTotalCost_LTC_brkLR15_SSP1_P50,World,Low-BECCS,25.9848,34.6977,121.3461,-33.530756442227755,28.593996840442333
REMIND 2.1 - R2p1_SSP1-PkBudg900,Asia,High-BECCS,5.7862,16.4733,61.4612,-184.69980297950292,26.802763369410293
REMIND 2.1 - R2p1_SSP1-PkBudg900,Latin America,High-BECCS,1.4196,0.1551,9.4537,89.07438715131022,1.6406274791880426
REMIND 2.1 - R2p1_SSP1-PkBudg900,Middle East and Africa,High-BECCS,5.4379,4.8902,12.8262,10.071902756578822,38.1266470193822
REMIND 2.1 - R2p1_SSP1-PkBudg900,OECD Countries,High-BECCS,11.9866,4.166,41.6965,65.24452305073999,9.991246267672347
REMIND 2.1 - R2p1_SSP1-PkBudg900,Russia and Central Asia,High-BECCS,2.39,2.1232,5.7472,11.163179916317988,36.94320712694878
REMIND 2.1 - R2p1_SSP1-PkBudg900,World,High-BECCS,27.0203,27.808,131.1849,-2.9152155971621374,21.197561609605984
REMIND 2.1 - R2p1_SSP2-PkBudg900,Asia,High-BECCS,5.7862,16.2020999999999,61.4201,-180.01278904980637,26.37914949666298
REMIND 2.1 - R2p1_SSP2-PkBudg900,Latin America,High-BECCS,1.4196,0.3843,10.0183,72.92899408284023,3.8359801563139455
REMIND 2.1 - R2p1_SSP2-PkBudg900,Middle East and Africa,High-BECCS,5.4379,5.0416,13.2319,7.287739752477981,38.10185989918303
REMIND 2.1 - R2p1_SSP2-PkBudg900,OECD Countries,High-BECCS,11.9866,5.0641,44.2815,57.75198972185608,11.436152795185347
REMIND 2.1 - R2p1_SSP2-PkBudg900,Russia and Central Asia,High-BECCS,2.39,2.2639,6.0224,5.276150627615067,37.591325717322
REMIND 2.1 - R2p1_SSP2-PkBudg900,World,High-BECCS,27.0203,28.956,134.9742,-7.163873088011608,21.45298879341385
REMIND 2.1 - R2p1_SSP5-PkBudg900,Asia,High-BECCS,5.7862,22.9314,71.4734,-296.31191455532127,32.08382419193714
REMIND 2.1 - R2p1_SSP5-PkBudg900,Latin America,High-BECCS,1.4196,0.1267,10.0323,91.0749506903353,1.2629207659260588
REMIND 2.1 - R2p1_SSP5-PkBudg900,Middle East and Africa,High-BECCS,5.4379,5.6075,13.3545,-3.118851027050883,41.98959152345651
REMIND 2.1 - R2p1_SSP5-PkBudg900,OECD Countries,High-BECCS,11.9866,4.5822,43.8001,61.77231241553068,10.461619950639383
REMIND 2.1 - R2p1_SSP5-PkBudg900,Russia and Central Asia,High-BECCS,2.39,1.8625,6.0634,22.071129707112974,30.717089421776564
REMIND 2.1 - R2p1_SSP5-PkBudg900,World,High-BECCS,27.0203,35.1102,144.724,-29.940082086431314,24.260108896934856
REMIND-MAgPIE 1.5 - SSP2-19,Asia,High-BECCS,7.431,5.601,54.286,24.626564392410174,10.317577275909075
REMIND-MAgPIE 1.5 - SSP2-19,Latin America,High-BECCS,1.722,0.9425,9.96,45.267131242741,9.462851405622489
REMIND-MAgPIE 1.5 - SSP2-19,Middle East and Africa,High-BECCS,5.5927,3.4856,8.625,37.67589893968924,40.41275362318841
REMIND-MAgPIE 1.5 - SSP2-19,OECD Countries,High-BECCS,9.832,5.5208,45.3589999999999,43.8486574450773,12.171344165435773
REMIND-MAgPIE 1.5 - SSP2-19,Russia and Central Asia,High-BECCS,2.264,1.454,3.806,35.7773851590106,38.202837624802946
REMIND-MAgPIE 1.5 - SSP2-19,World,High-BECCS,26.84,17.0,122.0,36.661698956780924,13.934426229508198
REMIND-MAgPIE 1.7-3.0 - CD-LINKS_NPi2020_400,Asia,High-BECCS,7.3701,8.958,55.8887,-21.54516220946799,16.028284787443617
REMIND-MAgPIE 1.7-3.0 - CD-LINKS_NPi2020_400,Latin America,High-BECCS,1.1915,0.4105,9.8617,65.54762903902645,4.1625683198637144
REMIND-MAgPIE 1.7-3.0 - CD-LINKS_NPi2020_400,Middle East and Africa,High-BECCS,6.4983,4.4854,10.846,30.97579366911346,41.35533837359395
REMIND-MAgPIE 1.7-3.0 - CD-LINKS_NPi2020_400,OECD Countries,High-BECCS,12.2141,9.9365,44.7345,18.647301070074747,22.212162872056247
REMIND-MAgPIE 1.7-3.0 - CD-LINKS_NPi2020_400,Russia and Central Asia,High-BECCS,2.2481,1.0574,3.9271,52.964725768426675,26.925721270148454
REMIND-MAgPIE 1.7-3.0 - CD-LINKS_NPi2020_400,World,High-BECCS,29.522,24.8479,125.2581,15.832599417383644,19.83735981944481
REMIND-MAgPIE 1.7-3.0 - EMF33_1.5C_nofuel,Asia,High-BECCS,2.9529,3.3595,53.1971,-13.76951471434861,6.315193873350239
REMIND-MAgPIE 1.7-3.0 - EMF33_1.5C_nofuel,Latin America,High-BECCS,1.0165,0.5809,9.3267,42.85292670929661,6.228355152411892
REMIND-MAgPIE 1.7-3.0 - EMF33_1.5C_nofuel,Middle East and Africa,High-BECCS,7.5872,5.2158,9.9078,31.255272037115148,52.64337188881487
REMIND-MAgPIE 1.7-3.0 - EMF33_1.5C_nofuel,OECD Countries,High-BECCS,6.1101,5.9989,40.2292,1.8199374805649693,14.911805355314051
REMIND-MAgPIE 1.7-3.0 - EMF33_1.5C_nofuel,Russia and Central Asia,High-BECCS,2.3528,1.3521,3.0741,42.53230193811628,43.98360495754855
REMIND-MAgPIE 1.7-3.0 - EMF33_1.5C_nofuel,World,High-BECCS,20.0195,16.5072,115.7349,17.54439421563975,14.262940565032675
REMIND-MAgPIE 1.7-3.0 - PEP_1p5C_full_eff,Asia,High-BECCS,7.6895,10.6258,57.5994,-38.18583783080825,18.447761608627864
REMIND-MAgPIE 1.7-3.0 - PEP_1p5C_full_eff,Latin America,High-BECCS,1.1697,0.3673,9.8919,68.59878601350773,3.7131390329461484
REMIND-MAgPIE 1.7-3.0 - PEP_1p5C_full_eff,Middle East and Africa,High-BECCS,6.3039,3.9363,11.3863,37.5577023747204,34.570492609539535
REMIND-MAgPIE 1.7-3.0 - PEP_1p5C_full_eff,OECD Countries,High-BECCS,12.7293,11.0701,46.089,13.034495219690008,24.018963310117382
REMIND-MAgPIE 1.7-3.0 - PEP_1p5C_full_eff,Russia and Central Asia,High-BECCS,1.8769,0.8515,4.1584,54.63263892588843,20.476625625240477
REMIND-MAgPIE 1.7-3.0 - PEP_1p5C_full_eff,World,High-BECCS,29.7693,26.851,129.1252,9.803052137604855,20.794546688020617
REMIND-MAgPIE 1.7-3.0 - PEP_1p5C_red_eff,Asia,High-BECCS,7.6895,7.6722,55.5824,0.22498211847323818,13.803290250151127
REMIND-MAgPIE 1.7-3.0 - PEP_1p5C_red_eff,Latin America,High-BECCS,1.1697,0.3669,10.5899,68.6329828161067,3.464621951104354
REMIND-MAgPIE 1.7-3.0 - PEP_1p5C_red_eff,Middle East and Africa,High-BECCS,6.3039,2.50949999999999,11.4264,60.19131014134123,21.962297836588867
REMIND-MAgPIE 1.7-3.0 - PEP_1p5C_red_eff,OECD Countries,High-BECCS,12.7293,5.04989999999999,46.1979,60.328533383611116,10.931016344898774
REMIND-MAgPIE 1.7-3.0 - PEP_1p5C_red_eff,Russia and Central Asia,High-BECCS,1.8769,0.5607,4.2389,70.12627204432842,13.227488263464577
REMIND-MAgPIE 1.7-3.0 - PEP_1p5C_red_eff,World,High-BECCS,29.7693,16.1593,128.0353,45.718239931741756,12.620972497428445
REMIND-MAgPIE 1.7-3.0 - PEP_2C_red_eff,Asia,High-BECCS,7.6895,11.7189,57.1598,-52.401326484166724,20.50199615813911
REMIND-MAgPIE 1.7-3.0 - PEP_2C_red_eff,Latin America,High-BECCS,1.1697,0.3673,9.7178,68.59878601350773,3.7796620634299947
REMIND-MAgPIE 1.7-3.0 - PEP_2C_red_eff,Middle East and Africa,High-BECCS,6.3039,3.9997,11.3794,36.55197576103682,35.148601859500495
REMIND-MAgPIE 1.7-3.0 - PEP_2C_red_eff,OECD Countries,High-BECCS,12.7293,11.516,45.527,9.531553188313577,25.294879961341618
REMIND-MAgPIE 1.7-3.0 - PEP_2C_red_eff,Russia and Central Asia,High-BECCS,1.8769,0.8508,4.1364,54.669934466407376,20.56861038584276
REMIND-MAgPIE 1.7-3.0 - PEP_2C_red_eff,World,High-BECCS,29.7693,28.4527,127.9204,4.422677053205823,22.242503932132795
REMIND-MAgPIE 1.7-3.0 - SMP_2C_lifesty,Asia,Low-BECCS,7.1857,12.215,59.1952,-69.99039759522385,20.63511906370787
REMIND-MAgPIE 1.7-3.0 - SMP_2C_lifesty,Latin America,Low-BECCS,1.2274,0.9221,9.7276,24.873716799739285,9.479213783461491
REMIND-MAgPIE 1.7-3.0 - SMP_2C_lifesty,Middle East and Africa,Low-BECCS,5.9797,6.0039,12.3696,-0.404702577052353,48.537543655413266
REMIND-MAgPIE 1.7-3.0 - SMP_2C_lifesty,OECD Countries,Low-BECCS,10.7855,9.5657,44.1692,11.309628668119243,21.656946469485526
REMIND-MAgPIE 1.7-3.0 - SMP_2C_lifesty,Russia and Central Asia,Low-BECCS,1.9355,1.5856,4.0659,18.0780160165332,38.99751592513343
REMIND-MAgPIE 1.7-3.0 - SMP_2C_lifesty,World,Low-BECCS,27.1138,30.2922,129.5274,-11.722443921545485,23.3867120007041
REMIND-MAgPIE 2.1-4.2 - CEMICS_SSP1-1p5C-fullCDR,Asia,High-BECCS,5.7849,16.5294,59.4384,-185.73354768448888,27.809295001211336
REMIND-MAgPIE 2.1-4.2 - CEMICS_SSP1-1p5C-fullCDR,Latin America,High-BECCS,1.2236,0.2769,8.9307,77.37005557371691,3.1005408310658735
REMIND-MAgPIE 2.1-4.2 - CEMICS_SSP1-1p5C-fullCDR,Middle East and Africa,High-BECCS,5.1711,5.2952,12.1781,-2.3998762352304213,43.48133124214779
REMIND-MAgPIE 2.1-4.2 - CEMICS_SSP1-1p5C-fullCDR,OECD Countries,High-BECCS,10.0913,4.2761,37.719,57.625875754362674,11.33672684853787
REMIND-MAgPIE 2.1-4.2 - CEMICS_SSP1-1p5C-fullCDR,Russia and Central Asia,High-BECCS,1.9932,2.0695,5.4156,-3.828015251856313,38.21367900140336
REMIND-MAgPIE 2.1-4.2 - CEMICS_SSP1-1p5C-fullCDR,World,High-BECCS,24.264,28.4472,123.6819,-17.240356083086052,23.000293494844435
REMIND-MAgPIE 2.1-4.2 - CEMICS_SSP1-1p5C-minCDR,Asia,Low-BECCS,5.7849,14.2141,58.3808,-145.71038393057788,24.34721689322517
REMIND-MAgPIE 2.1-4.2 - CEMICS_SSP1-1p5C-minCDR,Latin America,Low-BECCS,1.2236,0.1055,8.9198,91.37790127492644,1.182761945335097
REMIND-MAgPIE 2.1-4.2 - CEMICS_SSP1-1p5C-minCDR,Middle East and Africa,Low-BECCS,5.1711,4.0192,11.7665,22.275724700740664,34.15799090638677
REMIND-MAgPIE 2.1-4.2 - CEMICS_SSP1-1p5C-minCDR,OECD Countries,Low-BECCS,10.0913,2.933,38.7835,70.93536016172347,7.562494359714827
REMIND-MAgPIE 2.1-4.2 - CEMICS_SSP1-1p5C-minCDR,Russia and Central Asia,Low-BECCS,1.9932,1.5121,5.1612,24.137066024483246,29.297450205378595
REMIND-MAgPIE 2.1-4.2 - CEMICS_SSP1-1p5C-minCDR,World,Low-BECCS,24.264,22.7839,123.0118,6.099983514671943,18.52171905459476
REMIND-MAgPIE 2.1-4.2 - CEMICS_SSP2-1p5C-fullCDR,Asia,High-BECCS,6.0082,16.5861999999999,59.6813,-176.05938550647275,27.79128470726995
REMIND-MAgPIE 2.1-4.2 - CEMICS_SSP2-1p5C-fullCDR,Latin America,High-BECCS,1.4002,0.5969,9.6205,57.37037566061991,6.204459227690869
REMIND-MAgPIE 2.1-4.2 - CEMICS_SSP2-1p5C-fullCDR,Middle East and Africa,High-BECCS,5.1349,5.2281,12.5684,-1.8150304777113555,41.59718022978263
REMIND-MAgPIE 2.1-4.2 - CEMICS_SSP2-1p5C-fullCDR,OECD Countries,High-BECCS,11.464,5.50639999999999,40.8551,51.96789951151439,13.477876691037327
REMIND-MAgPIE 2.1-4.2 - CEMICS_SSP2-1p5C-fullCDR,Russia and Central Asia,High-BECCS,2.0241,2.3184,5.8202,-14.539795464650968,39.833682691316454
REMIND-MAgPIE 2.1-4.2 - CEMICS_SSP2-1p5C-fullCDR,World,High-BECCS,26.0313,30.2361,128.5455,-16.152862131357246,23.52171021155933
REMIND-MAgPIE 2.1-4.2 - CEMICS_SSP2-1p5C-minCDR,Asia,Low-BECCS,6.0082,9.663,56.8107,-60.830198728404504,17.009119760890115
REMIND-MAgPIE 2.1-4.2 - CEMICS_SSP2-1p5C-minCDR,Latin America,Low-BECCS,1.4002,0.1286,9.5378,90.8155977717469,1.3483193189205056
REMIND-MAgPIE 2.1-4.2 - CEMICS_SSP2-1p5C-minCDR,Middle East and Africa,Low-BECCS,5.1349,3.0729,11.8471,40.15657559056651,25.93799326417436
REMIND-MAgPIE 2.1-4.2 - CEMICS_SSP2-1p5C-minCDR,OECD Countries,Low-BECCS,11.464,2.8212,42.5444,75.39078855547803,6.631190003854796
REMIND-MAgPIE 2.1-4.2 - CEMICS_SSP2-1p5C-minCDR,Russia and Central Asia,Low-BECCS,2.0241,0.9652,5.0488,52.31460896200781,19.117414038979557
REMIND-MAgPIE 2.1-4.2 - CEMICS_SSP2-1p5C-minCDR,World,Low-BECCS,26.0313,16.6509,125.7885,36.03508084498277,13.237219618645582
REMIND-MAgPIE 2.1-4.2 - EN_NPi2020_200f,Asia,High-BECCS,4.3064,9.725,61.9342,-125.82667657440089,15.702148409118065
REMIND-MAgPIE 2.1-4.2 - EN_NPi2020_200f,Latin America,High-BECCS,1.4865,0.2706,10.3433,81.79616548940464,2.6161863235137726
REMIND-MAgPIE 2.1-4.2 - EN_NPi2020_200f,Middle East and Africa,High-BECCS,5.4548,3.5991,13.3306,34.0195790863093,26.998784750873927
REMIND-MAgPIE 2.1-4.2 - EN_NPi2020_200f,OECD Countries,High-BECCS,11.4993,5.683,44.659,50.57960049742158,12.725318524821423
REMIND-MAgPIE 2.1-4.2 - EN_NPi2020_200f,Russia and Central Asia,High-BECCS,2.3954,2.0341,6.2955,15.083075895466308,32.31038043046621
REMIND-MAgPIE 2.1-4.2 - EN_NPi2020_200f,World,High-BECCS,25.1426,21.3118,136.5625,15.236292189351936,15.605894736842107
REMIND-MAgPIE 2.1-4.2 - EN_NPi2020_300f,Asia,High-BECCS,4.3064,9.8352,61.9776,-128.38565855470927,15.86895910780669
REMIND-MAgPIE 2.1-4.2 - EN_NPi2020_300f,Latin America,High-BECCS,1.4865,0.3518,10.3283,76.33366969391187,3.4061752660166724
REMIND-MAgPIE 2.1-4.2 - EN_NPi2020_300f,Middle East and Africa,High-BECCS,5.4548,3.858,13.3615,29.27330057930629,28.87400366725293
REMIND-MAgPIE 2.1-4.2 - EN_NPi2020_300f,OECD Countries,High-BECCS,11.4993,5.8354,44.4812,49.25430243580044,13.118800751778279
REMIND-MAgPIE 2.1-4.2 - EN_NPi2020_300f,Russia and Central Asia,High-BECCS,2.3954,2.2237,6.3765,7.167905151540451,34.87336313024387
REMIND-MAgPIE 2.1-4.2 - EN_NPi2020_300f,World,High-BECCS,25.1426,22.1042,136.5252,12.084669047751634,16.190564086337172
REMIND-MAgPIE 2.1-4.2 - EN_NPi2020_400,Asia,High-BECCS,4.3064,4.764,62.0795,-10.626044956344051,7.674030879759019
REMIND-MAgPIE 2.1-4.2 - EN_NPi2020_400,Latin America,High-BECCS,1.4865,0.1331,10.7851,91.04608139926002,1.2341100221602024
REMIND-MAgPIE 2.1-4.2 - EN_NPi2020_400,Middle East and Africa,High-BECCS,5.4548,0.632,13.7079999999999,88.41387401921244,4.61044645462507
REMIND-MAgPIE 2.1-4.2 - EN_NPi2020_400,OECD Countries,High-BECCS,11.4993,1.50789999999999,50.1511,86.88702790604654,3.00671371116484
REMIND-MAgPIE 2.1-4.2 - EN_NPi2020_400,Russia and Central Asia,High-BECCS,2.3954,0.2321,5.7518,90.31059530767304,4.0352585277652215
REMIND-MAgPIE 2.1-4.2 - EN_NPi2020_400,World,High-BECCS,25.1426,7.269,142.4753,71.08890886384066,5.101936967319949
REMIND-MAgPIE 2.1-4.2 - EN_NPi2020_400f,Asia,High-BECCS,4.3064,9.9605,62.1609,-131.29528144157533,16.02373839503611
REMIND-MAgPIE 2.1-4.2 - EN_NPi2020_400f,Latin America,High-BECCS,1.4865,0.4905,10.3197,67.00302724520687,4.753045146661241
REMIND-MAgPIE 2.1-4.2 - EN_NPi2020_400f,Middle East and Africa,High-BECCS,5.4548,4.2856,13.418,21.434333064456993,31.93918616783425
REMIND-MAgPIE 2.1-4.2 - EN_NPi2020_400f,OECD Countries,High-BECCS,11.4993,6.0555,44.1503,47.34027288617568,13.715648591289302
REMIND-MAgPIE 2.1-4.2 - EN_NPi2020_400f,Russia and Central Asia,High-BECCS,2.3954,2.3707,6.434,1.0311430241295887,36.846440783338515
REMIND-MAgPIE 2.1-4.2 - EN_NPi2020_400f,World,High-BECCS,25.1426,23.1629,136.4829,7.873887346575139,16.97128358204581
REMIND-MAgPIE 2.1-4.2 - EN_NPi2020_500,Asia,High-BECCS,4.3064,7.4899,61.8722,-73.92485602823703,12.105436690468418
REMIND-MAgPIE 2.1-4.2 - EN_NPi2020_500,Latin America,High-BECCS,1.4865,0.1677,10.4939,88.71846619576186,1.598071260446545
REMIND-MAgPIE 2.1-4.2 - EN_NPi2020_500,Middle East and Africa,High-BECCS,5.4548,1.9106,13.3037,64.97396788149887,14.361418252065215
REMIND-MAgPIE 2.1-4.2 - EN_NPi2020_500,OECD Countries,High-BECCS,11.4993,4.0003,45.8833,65.21266511874636,8.718422606917986
REMIND-MAgPIE 2.1-4.2 - EN_NPi2020_500,Russia and Central Asia,High-BECCS,2.3954,1.0083,6.001,57.90682140769809,16.802199633394434
REMIND-MAgPIE 2.1-4.2 - EN_NPi2020_500,World,High-BECCS,25.1426,14.5768,137.5541,42.02349796759285,10.597139598165377
REMIND-MAgPIE 2.1-4.2 - EN_NPi2020_600,Asia,High-BECCS,4.3064,9.4526,61.8181,-119.50120750510868,15.290990826311388
REMIND-MAgPIE 2.1-4.2 - EN_NPi2020_600,Latin America,High-BECCS,1.4865,0.194,10.3453,86.94920955264044,1.8752476970218361
REMIND-MAgPIE 2.1-4.2 - EN_NPi2020_600,Middle East and Africa,High-BECCS,5.4548,3.2651,13.2928,40.14262667742172,24.562921280693306
REMIND-MAgPIE 2.1-4.2 - EN_NPi2020_600,OECD Countries,High-BECCS,11.4993,5.5235,44.7833,51.966641447740294,12.333838730062324
REMIND-MAgPIE 2.1-4.2 - EN_NPi2020_600,Russia and Central Asia,High-BECCS,2.3954,1.91639999999999,6.2688,19.996660265509313,30.5704441041346
REMIND-MAgPIE 2.1-4.2 - EN_NPi2020_600,World,High-BECCS,25.1426,20.3516,136.5083,19.055308520200775,14.908690533835673
REMIND-MAgPIE 2.1-4.2 - EN_NPi2020_600_COV,Asia,High-BECCS,4.1378,10.3499,59.8632,-150.13050413263085,17.289252829785244
REMIND-MAgPIE 2.1-4.2 - EN_NPi2020_600_COV,Latin America,High-BECCS,0.9311,0.0779,9.0415,91.6335517130276,0.8615827019852901
REMIND-MAgPIE 2.1-4.2 - EN_NPi2020_600_COV,Middle East and Africa,High-BECCS,4.9887,3.3321,11.5951,33.207047928318,28.737138963872667
REMIND-MAgPIE 2.1-4.2 - EN_NPi2020_600_COV,OECD Countries,High-BECCS,10.8014,5.5058,42.7155,49.02697798433536,12.88946635296321
REMIND-MAgPIE 2.1-4.2 - EN_NPi2020_600_COV,Russia and Central Asia,High-BECCS,2.0345,1.7604,5.6449,13.472597689850087,31.185672022533613
REMIND-MAgPIE 2.1-4.2 - EN_NPi2020_600_COV,World,High-BECCS,22.8936,21.0261,128.8602,8.157301603941711,16.31698538416051
REMIND-MAgPIE 2.1-4.2 - EN_NPi2020_600f_COV,Asia,Low-BECCS,4.1378,9.464,60.723,-128.72057615157811,15.58552772425605
REMIND-MAgPIE 2.1-4.2 - EN_NPi2020_600f_COV,Latin America,Low-BECCS,0.9311,0.451,9.0843,51.56266781226507,4.964609270939973
REMIND-MAgPIE 2.1-4.2 - EN_NPi2020_600f_COV,Middle East and Africa,Low-BECCS,4.9887,4.4638,11.7158,10.521779221039543,38.10068454565629
REMIND-MAgPIE 2.1-4.2 - EN_NPi2020_600f_COV,OECD Countries,Low-BECCS,10.8014,7.5177,42.1765,30.40068879960005,17.824380875606085
REMIND-MAgPIE 2.1-4.2 - EN_NPi2020_600f_COV,Russia and Central Asia,Low-BECCS,2.0345,2.0029,5.7835,1.5532071762103747,34.63127863750324
REMIND-MAgPIE 2.1-4.2 - EN_NPi2020_600f_COV,World,Low-BECCS,22.8936,23.8997,129.483,-4.39467798860817,18.4577898256914
REMIND-MAgPIE 2.1-4.2 - NGFS2_Divergent Net Zero Policies,Asia,High-BECCS,4.9799,12.2741,59.2004,-146.4728207393723,20.733136938263932
REMIND-MAgPIE 2.1-4.2 - NGFS2_Divergent Net Zero Policies,Latin America,High-BECCS,1.4772,0.1419,7.4838,90.39398862713243,1.8960955664234747
REMIND-MAgPIE 2.1-4.2 - NGFS2_Divergent Net Zero Policies,Middle East and Africa,High-BECCS,5.2627,3.6221,9.8542,31.17411214775685,36.75691583284285
REMIND-MAgPIE 2.1-4.2 - NGFS2_Divergent Net Zero Policies,OECD Countries,High-BECCS,10.5285,4.0618,42.9052,61.42090516217885,9.466917762881888
REMIND-MAgPIE 2.1-4.2 - NGFS2_Divergent Net Zero Policies,Russia and Central Asia,High-BECCS,2.1603,1.5064,5.3304,30.268944128130347,28.260543298814344
REMIND-MAgPIE 2.1-4.2 - NGFS2_Divergent Net Zero Policies,World,High-BECCS,24.4086,21.6063,124.7739,11.480789557778811,17.31636183528767
REMIND-MAgPIE 2.1-4.2 - NGFS2_Net-Zero 2050,Asia,High-BECCS,4.9799,12.0396,58.0383,-141.76389084118156,20.744232687725177
REMIND-MAgPIE 2.1-4.2 - NGFS2_Net-Zero 2050,Latin America,High-BECCS,1.4772,0.1418,7.3888,90.4007581911725,1.9191208315288006
REMIND-MAgPIE 2.1-4.2 - NGFS2_Net-Zero 2050,Middle East and Africa,High-BECCS,5.2627,3.1243,9.4656,40.6331350827522,33.00688810006761
REMIND-MAgPIE 2.1-4.2 - NGFS2_Net-Zero 2050,OECD Countries,High-BECCS,10.5285,3.6033,42.0299,65.7757515315572,8.573182424892755
REMIND-MAgPIE 2.1-4.2 - NGFS2_Net-Zero 2050,Russia and Central Asia,High-BECCS,2.1603,1.4187,5.2725,34.32856547701707,26.907539118065436
REMIND-MAgPIE 2.1-4.2 - NGFS2_Net-Zero 2050,World,High-BECCS,24.4086,20.3277,122.195,16.71910719992134,16.63545971602766
REMIND-MAgPIE 2.1-4.2 - NGFS2_Net-Zero 2050 - IPD-95th,Asia,High-BECCS,4.9298,11.7952,57.6788,-139.26325611586677,20.44980131348086
REMIND-MAgPIE 2.1-4.2 - NGFS2_Net-Zero 2050 - IPD-95th,Latin America,High-BECCS,1.4319,0.135,7.4119,90.57196731615336,1.821395323736154
REMIND-MAgPIE 2.1-4.2 - NGFS2_Net-Zero 2050 - IPD-95th,Middle East and Africa,High-BECCS,5.2172,2.6324,9.1282,49.543816606608914,28.838106088823647
REMIND-MAgPIE 2.1-4.2 - NGFS2_Net-Zero 2050 - IPD-95th,OECD Countries,High-BECCS,10.4681,3.5277,41.8635,66.30047477574728,8.426672399584362
REMIND-MAgPIE 2.1-4.2 - NGFS2_Net-Zero 2050 - IPD-95th,Russia and Central Asia,High-BECCS,2.158,1.3598,5.2377,36.98795180722892,25.96177711590965
REMIND-MAgPIE 2.1-4.2 - NGFS2_Net-Zero 2050 - IPD-95th,World,High-BECCS,24.2051,19.4502,121.3201,19.6442072125296,16.03213317496441
REMIND-MAgPIE 2.1-4.2 - NGFS2_Net-Zero 2050 - IPD-median,Asia,High-BECCS,4.9423,11.7978,57.7775,-138.71072172874977,20.41936740080481
REMIND-MAgPIE 2.1-4.2 - NGFS2_Net-Zero 2050 - IPD-median,Latin America,High-BECCS,1.4435,0.1368,7.3991,90.52303429165222,1.848873511643308
REMIND-MAgPIE 2.1-4.2 - NGFS2_Net-Zero 2050 - IPD-median,Middle East and Africa,High-BECCS,5.2277,2.7052,9.1383,48.252577615394905,29.602880185592507
REMIND-MAgPIE 2.1-4.2 - NGFS2_Net-Zero 2050 - IPD-median,OECD Countries,High-BECCS,10.4914,3.4715,41.8955,66.9109937663229,8.286092778460693
REMIND-MAgPIE 2.1-4.2 - NGFS2_Net-Zero 2050 - IPD-median,Russia and Central Asia,High-BECCS,2.1578,1.3606,5.2298,36.94503661136342,26.016291253967648
REMIND-MAgPIE 2.1-4.2 - NGFS2_Net-Zero 2050 - IPD-median,World,High-BECCS,24.2627,19.4719,121.4403,19.745535327890124,16.034133644268007
REMIND-MAgPIE 2.1-4.2 - SusDev_SDP-PkBudg1000,Asia,Low-BECCS,4.2969,13.3502,69.0338,-210.6937559636017,19.338642809754063
REMIND-MAgPIE 2.1-4.2 - SusDev_SDP-PkBudg1000,Latin America,Low-BECCS,1.4768,0.8202,10.0451,44.460996749729134,8.16517506047725
REMIND-MAgPIE 2.1-4.2 - SusDev_SDP-PkBudg1000,Middle East and Africa,Low-BECCS,5.4463,7.058,15.5444,-29.59256743110001,45.40541931499447
REMIND-MAgPIE 2.1-4.2 - SusDev_SDP-PkBudg1000,OECD Countries,Low-BECCS,11.502,4.6231,40.4892,59.80612067466528,11.418106556810212
REMIND-MAgPIE 2.1-4.2 - SusDev_SDP-PkBudg1000,Russia and Central Asia,Low-BECCS,2.3932,2.4987,6.063,-4.408323583486532,41.21227115289461
REMIND-MAgPIE 2.1-4.2 - SusDev_SDP-PkBudg1000,World,Low-BECCS,25.1153,28.3501,141.1757,-12.879798369917939,20.08143044447451
REMIND-MAgPIE 2.1-4.2 - SusDev_SSP1-PkBudg900,Asia,High-BECCS,4.2969,10.5534,62.6468,-145.60497102562312,16.84587241487195
REMIND-MAgPIE 2.1-4.2 - SusDev_SSP1-PkBudg900,Latin America,High-BECCS,1.4768,0.1659,9.7535,88.76625135427953,1.700927872045932
REMIND-MAgPIE 2.1-4.2 - SusDev_SSP1-PkBudg900,Middle East and Africa,High-BECCS,5.4463,4.1026,13.0785,24.671795530910895,31.36904079213977
REMIND-MAgPIE 2.1-4.2 - SusDev_SSP1-PkBudg900,OECD Countries,High-BECCS,11.502,3.8343,42.6041,66.66405842462181,8.999838043756352
REMIND-MAgPIE 2.1-4.2 - SusDev_SSP1-PkBudg900,Russia and Central Asia,High-BECCS,2.3932,1.6332,5.8965,31.756643824168485,27.697786822691427
REMIND-MAgPIE 2.1-4.2 - SusDev_SSP1-PkBudg900,World,High-BECCS,25.1153,20.2894,133.9794,19.2149805098884,15.143671340519512
REMIND-MAgPIE 2.1-4.2 - SusDev_SSP2-PkBudg900,Asia,High-BECCS,4.2969,10.1314,62.0814999999999,-135.7839372570923,16.319515475624808
REMIND-MAgPIE 2.1-4.2 - SusDev_SSP2-PkBudg900,Latin America,High-BECCS,1.4768,0.1815,10.3363,87.70991332611051,1.7559474860443292
REMIND-MAgPIE 2.1-4.2 - SusDev_SSP2-PkBudg900,Middle East and Africa,High-BECCS,5.4463,4.2771,13.4439,21.467785469034023,31.814428848771563
REMIND-MAgPIE 2.1-4.2 - SusDev_SSP2-PkBudg900,OECD Countries,High-BECCS,11.502,4.2254,45.1249,63.26378021213702,9.363788063796264
REMIND-MAgPIE 2.1-4.2 - SusDev_SSP2-PkBudg900,Russia and Central Asia,High-BECCS,2.3932,1.7373,6.1753,27.40681932141067,28.13304616779752
REMIND-MAgPIE 2.1-4.2 - SusDev_SSP2-PkBudg900,World,High-BECCS,25.1153,20.5525999999999,137.1622,18.167013732665357,14.98415744279393
REMIND-MAgPIE 2.1-4.3 - DeepElec_SSP2_ HighRE_Budg900,Asia,Low-BECCS,4.4338,10.045,66.6086,-126.5550994632144,15.080635233288195
REMIND-MAgPIE 2.1-4.3 - DeepElec_SSP2_ HighRE_Budg900,Latin America,Low-BECCS,1.7762,0.1798,9.1007,89.87726607364037,1.9756722010394805
REMIND-MAgPIE 2.1-4.3 - DeepElec_SSP2_ HighRE_Budg900,Middle East and Africa,Low-BECCS,5.5697,2.248,11.671,59.63875971775858,19.26141718790164
REMIND-MAgPIE 2.1-4.3 - DeepElec_SSP2_ HighRE_Budg900,OECD Countries,Low-BECCS,11.7216,3.0079,48.8526,74.33882746382747,6.157092969463242
REMIND-MAgPIE 2.1-4.3 - DeepElec_SSP2_ HighRE_Budg900,Russia and Central Asia,Low-BECCS,1.915,0.9048,5.7501,52.75195822454308,15.73537851515626
REMIND-MAgPIE 2.1-4.3 - DeepElec_SSP2_ HighRE_Budg900,World,Low-BECCS,25.4163,16.3853,141.9829,35.53231587603231,11.540333378174415
REMIND-MAgPIE 2.1-4.3 - DeepElec_SSP2_def_Budg900,Asia,High-BECCS,4.4338,11.587,62.342,-161.33339347737834,18.586185877899332
REMIND-MAgPIE 2.1-4.3 - DeepElec_SSP2_def_Budg900,Latin America,High-BECCS,1.7762,0.1804,8.2858,89.84348609390835,2.1772188563566583
REMIND-MAgPIE 2.1-4.3 - DeepElec_SSP2_def_Budg900,Middle East and Africa,High-BECCS,5.5697,3.3613,10.9043,39.65025046232292,30.82545417862678
REMIND-MAgPIE 2.1-4.3 - DeepElec_SSP2_def_Budg900,OECD Countries,High-BECCS,11.7216,4.37639999999999,44.2469,62.66380016380025,9.890862410699937
REMIND-MAgPIE 2.1-4.3 - DeepElec_SSP2_def_Budg900,Russia and Central Asia,High-BECCS,1.915,1.142,5.4477,40.36553524804178,20.962975200543347
REMIND-MAgPIE 2.1-4.3 - DeepElec_SSP2_def_Budg900,World,High-BECCS,25.4163,20.6472,131.2268,18.763942824093192,15.733981168480831
WITCH 5.0 - EN_NPi2020_400f,Asia,Low-BECCS,3.03998821428994,2.18255632650663,29.40709102652,28.205105656423843,7.421870883244963
WITCH 5.0 - EN_NPi2020_400f,Latin America,Low-BECCS,1.43294524445623,0.570859915379491,7.65338812800822,60.161777458836596,7.4589176170274305
WITCH 5.0 - EN_NPi2020_400f,Middle East and Africa,Low-BECCS,5.3343851632176,3.70654007727129,9.20183761466687,30.516077038659585,40.28043345780642
WITCH 5.0 - EN_NPi2020_400f,OECD Countries,Low-BECCS,8.72717984447896,1.31413549879593,39.9463611042081,84.94203715044,3.2897502112088355
WITCH 5.0 - EN_NPi2020_400f,Russia and Central Asia,Low-BECCS,3.71616042055346,1.8659307474272,7.12019224157143,49.7887460103431,26.206184947267495
WITCH 5.0 - EN_NPi2020_400f,World,Low-BECCS,22.2506588869962,9.64002256538055,93.3288701149746,56.67533885473207,10.329089544858649
WITCH 5.0 - EN_NPi2020_450,Asia,High-BECCS,3.03998821428994,2.03045753084597,28.9772622839101,33.20837491074845,7.007071651394068
WITCH 5.0 - EN_NPi2020_450,Latin America,High-BECCS,1.43294524445623,0.448925827278476,7.59254711745336,68.67111084563227,5.912717041248361
WITCH 5.0 - EN_NPi2020_450,Middle East and Africa,High-BECCS,5.3343851632176,3.70810599744808,9.48439828856685,30.48672182472439,39.09690298348276
WITCH 5.0 - EN_NPi2020_450,OECD Countries,High-BECCS,8.72717984447896,1.15353218562086,40.4070882988596,86.78230303285643,2.8547768081903984
WITCH 5.0 - EN_NPi2020_450,Russia and Central Asia,High-BECCS,3.71616042055346,2.77573548992999,7.78211830606163,25.30635990368278,35.668122492662704
WITCH 5.0 - EN_NPi2020_450,World,High-BECCS,22.2506588869962,10.1167570311234,94.2434142948516,54.53277548991653,10.734709801017965
WITCH 5.0 - EN_NPi2020_450f,Asia,Low-BECCS,3.03998821428994,2.23171168647524,29.4762758360944,26.588146757124584,7.5712131983188184
WITCH 5.0 - EN_NPi2020_450f,Latin America,Low-BECCS,1.43294524445623,0.576567131450015,7.66456570931992,59.76349175374045,7.522502295843375
WITCH 5.0 - EN_NPi2020_450f,Middle East and Africa,Low-BECCS,5.3343851632176,3.75461191288267,9.25459193627106,29.614907847824778,40.57025894537183
WITCH 5.0 - EN_NPi2020_450f,OECD Countries,Low-BECCS,8.72717984447896,1.42516904823719,40.1397175776056,83.66976418918662,3.5505208662262926
WITCH 5.0 - EN_NPi2020_450f,Russia and Central Asia,Low-BECCS,3.71616042055346,1.84771706769477,7.12437646303773,50.278866932779415,25.93514081240635
WITCH 5.0 - EN_NPi2020_450f,World,Low-BECCS,22.2506588869962,9.83577684673991,93.6595275223289,55.79557038426324,10.501629793503934
WITCH 5.0 - EN_NPi2020_500,Asia,Low-BECCS,3.03998821428994,2.25224147485709,29.4365964733253,25.91282215272821,7.651161291347028
WITCH 5.0 - EN_NPi2020_500,Latin America,Low-BECCS,1.43294524445623,0.486823915766793,7.63478024953081,66.02634206364728,6.376397222391704
WITCH 5.0 - EN_NPi2020_500,Middle East and Africa,Low-BECCS,5.3343851632176,3.69744126194976,9.20521846600269,30.686646186614432,40.166795341201194
WITCH 5.0 - EN_NPi2020_500,OECD Countries,Low-BECCS,8.72717984447896,1.3419511848781,40.1572410861811,84.62331235528447,3.341741485671663
WITCH 5.0 - EN_NPi2020_500,Russia and Central Asia,Low-BECCS,3.71616042055346,2.27039687076626,7.3978031590462,38.90476691455311,30.690149791157495
WITCH 5.0 - EN_NPi2020_500,World,Low-BECCS,22.2506588869962,10.048854708218,93.8316394340861,54.83794543230005,10.70945234339321
WITCH 5.0 - EN_NPi2020_500f,Asia,Low-BECCS,3.03998821428994,2.28383359980034,29.5548434240314,24.87360348751278,7.727442730903888
WITCH 5.0 - EN_NPi2020_500f,Latin America,Low-BECCS,1.43294524445623,0.620924079336586,7.69996397615506,56.66798283194607,8.063986809021948
WITCH 5.0 - EN_NPi2020_500f,Middle East and Africa,Low-BECCS,5.3343851632176,3.83276141396701,9.36544470084863,28.149893629818784,40.92449997189895
WITCH 5.0 - EN_NPi2020_500f,OECD Countries,Low-BECCS,8.72717984447896,1.59265087490156,40.3923802134697,81.75068116753532,3.942948809861065
WITCH 5.0 - EN_NPi2020_500f,Russia and Central Asia,Low-BECCS,3.71616042055346,1.83167340699361,7.1261717015182,50.7105937390934,25.703470021686115
WITCH 5.0 - EN_NPi2020_500f,World,Low-BECCS,22.2506588869962,10.1618433749991,94.1388040160231,54.33014623698215,10.794532054252018
WITCH-GLOBIOM 3.1 - SSP1-19,Asia,High-BECCS,3.27965778216246,0.063547738325103,38.6706418687927,98.06236679111068,0.16433070477784384
WITCH-GLOBIOM 3.1 - SSP1-19,Latin America,High-BECCS,1.22073646006974,0.029918249378841,8.21125361668683,97.54916393853495,0.36435665947573975
WITCH-GLOBIOM 3.1 - SSP1-19,Middle East and Africa,High-BECCS,2.4412846255405,0.094780876520895,11.4078169961801,96.11758188581102,0.8308414883639201
WITCH-GLOBIOM 3.1 - SSP1-19,OECD Countries,High-BECCS,6.37559323226725,0.003849886059604,45.9660693212217,99.93961524960345,0.008375495482765975
WITCH-GLOBIOM 3.1 - SSP1-19,Russia and Central Asia,High-BECCS,2.43422776587576,7.2e-11,10.9010880901586,99.99999999704218,6.604845259896664e-10
WITCH-GLOBIOM 3.1 - SSP1-19,World,High-BECCS,15.7514998659157,0.192096750356445,115.15686989304,98.78045422980881,0.16681310505822908
WITCH-GLOBIOM 3.1 - SSP4-19,Asia,High-BECCS,3.410643552167,0.070957789778938,40.2682208905939,97.91951903816351,0.17621287509007572
WITCH-GLOBIOM 3.1 - SSP4-19,Latin America,High-BECCS,1.36866208487121,7.2e-11,8.45471199352196,99.9999999947394,8.515961283502825e-10
WITCH-GLOBIOM 3.1 - SSP4-19,Middle East and Africa,High-BECCS,2.68562586774854,0.125677048982098,12.156642807857,95.32038134978727,1.0338137836942223
WITCH-GLOBIOM 3.1 - SSP4-19,OECD Countries,High-BECCS,6.69527885105884,0.007136217550821,47.4515319566266,99.89341418468788,0.015038961349749275
WITCH-GLOBIOM 3.1 - SSP4-19,Russia and Central Asia,High-BECCS,2.64041495108759,7.2e-11,11.9551884024543,99.99999999727315,6.022489782362526e-10
WITCH-GLOBIOM 3.1 - SSP4-19,World,High-BECCS,16.8006253069332,0.203771056455858,120.286296051054,98.78712218900706,0.1694050470798186
WITCH-GLOBIOM 4.4 - CD-LINKS_NPi2020_1000,Asia,High-BECCS,3.40811764500478,2.19399352695828,28.8051693901063,35.6244779233493,7.6166659436894335
WITCH-GLOBIOM 4.4 - CD-LINKS_NPi2020_1000,Latin America,High-BECCS,1.31783035638089,0.576622836107847,6.9699313720815,56.24453228627958,8.273005935432108
WITCH-GLOBIOM 4.4 - CD-LINKS_NPi2020_1000,Middle East and Africa,High-BECCS,3.33450730210592,2.57363583111702,8.21701099612165,22.818107805862923,31.320827394921967
WITCH-GLOBIOM 4.4 - CD-LINKS_NPi2020_1000,OECD Countries,High-BECCS,4.64721183141928,1.50610438366156,24.034180550022,67.5912259157425,6.266510233319277
WITCH-GLOBIOM 4.4 - CD-LINKS_NPi2020_1000,Russia and Central Asia,High-BECCS,3.07069704079964,1.54830690482415,9.7399343281972,49.57799860252722,15.896481974645221
WITCH-GLOBIOM 4.4 - CD-LINKS_NPi2020_1000,World,High-BECCS,17.4582942401287,8.8495394283272,92.7732169301591,49.31040050873858,9.538894652094742
WITCH-GLOBIOM 4.4 - CD-LINKS_NPi2020_400,Asia,High-BECCS,3.40811764500478,1.12015371348248,28.4648590591936,67.13277444737655,3.9352160892596864
WITCH-GLOBIOM 4.4 - CD-LINKS_NPi2020_400,Latin America,High-BECCS,1.31783035638089,0.412020912422015,7.13695722785798,68.73490503333576,5.773061253803745
WITCH-GLOBIOM 4.4 - CD-LINKS_NPi2020_400,Middle East and Africa,High-BECCS,3.33450730210592,2.31941706244578,8.08261616626674,30.441985807590108,28.69636531951127
WITCH-GLOBIOM 4.4 - CD-LINKS_NPi2020_400,OECD Countries,High-BECCS,4.64721183141928,0.810017083255685,25.5595306045795,82.56982654030853,3.1691391199122974
WITCH-GLOBIOM 4.4 - CD-LINKS_NPi2020_400,Russia and Central Asia,High-BECCS,3.07069704079964,0.422591231717694,10.441090535756,86.23793796317831,4.0473859533207825
WITCH-GLOBIOM 4.4 - CD-LINKS_NPi2020_400,World,High-BECCS,17.4582942401287,5.43520976956261,95.399907476961,68.8674638266233,5.697290399233571
